topic,voice,privacy
How Bitcoin Mining Actually Works — Full Breakdown,en-US-AriaNeural,unlisted
The Psychology of Money: 10 Timeless Lessons,en-US-GuyNeural,unlisted
Why Most Startups Fail in the First Year (Data Analysis),en-US-AriaNeural,unlisted
The Complete Guide to Stoicism in Modern Life,en-US-GuyNeural,unlisted
How Memory Works: Neuroscience Behind Forgetting and Remembering,en-US-AriaNeural,unlisted
The History of Money: From Barter to Bitcoin,en-US-GuyNeural,unlisted
Deep Work: How to Focus in a Distracted World,en-US-AriaNeural,unlisted
Every Type of Cognitive Bias Explained,en-US-GuyNeural,unlisted
How the Stock Market Actually Works,en-US-AriaNeural,unlisted
The Science of Habit Formation,en-US-GuyNeural,unlisted
How Quantum Computers Will Change Everything,en-US-AriaNeural,unlisted
The Hidden Psychology Behind Everyday Decisions,en-US-GuyNeural,unlisted
Why Civilizations Collapse: Lessons from History,en-US-AriaNeural,unlisted
The Complete History of Artificial Intelligence,en-US-GuyNeural,unlisted
How Your Gut Brain Affects Your Mood and Health,en-US-AriaNeural,unlisted
The Economics of Cryptocurrency: A Deep Dive,en-US-GuyNeural,unlisted
Understanding Dark Matter and Dark Energy,en-US-AriaNeural,unlisted
The Art of Negotiation: Strategies That Actually Work,en-US-GuyNeural,unlisted
How Netflix Changed Entertainment Forever,en-US-AriaNeural,unlisted
The Science of Sleep: Why We Dream,en-US-GuyNeural,unlisted
Why Nations Fail: The Origins of Prosperity,en-US-AriaNeural,unlisted
The Complete Guide to Intermittent Fasting,en-US-GuyNeural,unlisted
How Language Shapes the Way We Think,en-US-AriaNeural,unlisted
The Rise and Fall of Ancient Rome,en-US-GuyNeural,unlisted
How Vaccines Work: The Immune System Explained,en-US-AriaNeural,unlisted
The Psychology of Persuasion and Influence,en-US-GuyNeural,unlisted
The Future of Space Exploration,en-US-AriaNeural,unlisted
How to Build Wealth: Investment Strategies for Beginners,en-US-GuyNeural,unlisted
The Science Behind Climate Change,en-US-AriaNeural,unlisted
Why You Procrastinate and How to Stop,en-US-GuyNeural,unlisted
